4210883325;1;81843;2454;0;230;25760;25128;24949;25248;23033;22626;23898;20205;264;6;3;90;90;90;0;0;0;0;0;0;
4210883325;2;98885;2563;0;228;25760;25122;24892;25257;23367;22619;23927;21813;260;0;-1;90;90;90;0;0;0;0;0;0;
4210883325;3;98885;2567;0;149;25748;25116;24891;25306;23690;22720;23864;21717;264;11;-4;90;90;90;0;0;0;0;0;0;
4210883325;4;98883;2569;0;231;25762;25109;24862;25271;23662;22566;23767;20142;263;1;-3;90;90;90;0;0;0;0;0;0;
4210883325;5;98886;2569;0;486;25759;25110;24894;25269;22866;22360;23790;18968;263;2;-6;90;90;90;0;0;0;0;0;0;
4210883325;6;98885;2568;0;473;25757;25108;24903;25267;22787;22324;23789;19058;263;2;-5;90;90;90;0;0;0;0;0;0;
4210883325;7;98884;2568;0;474;25757;25109;24929;25272;22813;22492;23801;19133;260;1;-6;90;90;90;0;0;0;0;0;0;
4210883325;8;98882;2567;0;475;25758;25110;24922;25270;22825;22489;23801;19108;264;2;-3;90;90;90;0;0;0;0;0;0;
4210883325;9;98887;2566;0;471;25757;25109;24921;25270;22823;22473;23800;19095;263;3;-3;90;90;90;0;0;0;0;0;0;
4210883325;10;98881;2566;0;472;25757;25109;24910;25269;22820;22420;23792;18918;264;2;-3;90;90;90;0;0;0;0;0;0;
4210883325;11;98878;2566;0;469;25757;25107;24794;25229;22762;22121;23761;18758;264;1;-6;90;90;90;0;0;0;0;0;0;
4210883325;12;98882;2565;0;412;25743;25097;24540;25191;22617;21022;23730;17732;264;2;-5;90;90;90;0;0;0;0;0;0;
4210883325;13;98882;2565;0;394;25739;25096;24451;25146;22544;20592;23786;17550;271;-8;-12;90;90;90;0;0;0;0;0;0;
4210883325;14;98883;2565;0;388;25735;25078;24294;25101;22535;20311;23768;17274;261;4;-3;90;90;90;0;0;0;0;0;0;
4210883325;15;98885;2564;0;374;25727;25065;24227;25089;22497;20175;23759;17239;264;3;-7;90;90;90;0;0;0;0;0;0;
4210883325;16;98885;2564;0;374;25726;25074;24507;25202;22504;20359;23787;18206;262;3;-4;90;90;90;0;0;0;0;0;0;
4210883325;17;98884;2564;0;397;25746;25114;24905;25252;22733;22322;23847;19001;263;2;-7;90;90;90;0;0;0;0;0;0;
4210883325;18;98882;2563;0;475;25756;25116;24888;25251;22832;22320;23850;19032;261;3;-2;90;90;90;0;0;0;0;0;0;
4210883325;19;98884;2563;0;468;25756;25116;24895;25250;22845;22379;23850;19063;264;3;-6;90;90;90;0;0;0;0;0;0;
4210883325;20;98884;2562;0;466;25755;25115;24891;25249;22853;22372;23849;19076;264;3;-5;90;90;90;0;0;0;0;0;0;
4210883325;21;98884;2562;0;466;25755;25115;24897;25250;22854;22388;23851;19087;263;2;-2;90;90;90;0;0;0;0;0;0;
4210883325;22;98880;2562;0;465;25755;25115;24901;25250;22854;22415;23851;19094;263;2;-4;90;90;90;0;0;0;0;0;0;
4210883325;23;98882;2562;0;466;25755;25115;24900;25250;22856;22415;23850;19097;262;2;-5;90;90;90;0;0;0;0;0;0;
4210883325;24;98882;2562;0;465;25755;25115;24900;25250;22859;22411;23851;19080;264;2;-7;90;90;90;0;0;0;0;0;0;
4210883325;25;98881;2563;0;468;25755;25114;24880;25247;22850;22320;23845;18987;264;2;-5;90;90;90;0;0;0;0;0;0;
4210883325;26;98882;2563;0;468;25755;25113;24871;25248;22830;22242;23842;18987;265;3;-7;90;90;90;0;0;0;0;0;0;
4210883325;27;98882;2563;0;465;25754;25113;24878;25247;22835;22285;23842;18983;262;1;-4;90;90;90;0;0;0;0;0;0;
4210883325;28;98880;2563;0;466;25754;25112;24861;25243;22829;22208;23840;18966;263;3;-3;90;90;90;0;0;0;0;0;0;
4210883325;29;98881;2564;0;465;25754;25112;24858;25246;22823;22189;23839;18980;263;2;-5;90;90;90;0;0;0;0;0;0;
4210883325;30;98882;2565;0;466;25754;25112;24876;25247;22831;22268;23841;18991;264;4;-3;90;90;90;0;0;0;0;0;0;
4210883325;31;98879;2565;0;465;25754;25112;24878;25246;22832;22291;23840;18992;263;2;-7;90;90;90;0;0;0;0;0;0;
4210883325;32;98880;2565;0;465;25754;25112;24881;25246;22828;22316;23841;19016;261;3;-5;90;90;90;0;0;0;0;0;0;
4210883325;33;98883;2566;0;464;25754;25112;24876;25244;22830;22300;23841;19040;263;2;-4;90;90;90;0;0;0;0;0;0;
4210883325;34;98882;2567;0;464;25754;25112;24876;25244;22834;22328;23840;19049;262;2;-3;90;90;90;0;0;0;0;0;0;
4210883325;35;98884;2567;0;465;25754;25111;24881;25244;22832;22336;23840;19025;263;2;-7;90;90;90;0;0;0;0;0;0;
4210883325;36;98880;2567;0;465;25754;25111;24882;25244;22830;22343;23840;19032;264;3;-7;90;90;90;0;0;0;0;0;0;
4210883325;37;98884;2568;0;464;25754;25111;24879;25244;22831;22330;23839;19026;263;3;-6;90;90;90;0;0;0;0;0;0;
4210883325;38;98883;2568;0;464;25754;25111;24877;25243;22830;22324;23839;19027;263;4;-6;90;90;90;0;0;0;0;0;0;
4210883325;39;98881;2568;0;463;25753;25111;24874;25243;22826;22310;23840;19022;263;3;-5;90;90;90;0;0;0;0;0;0;
4210883325;40;98887;2568;0;464;25753;25111;24877;25244;22828;22314;23840;19026;261;1;-5;90;90;90;0;0;0;0;0;0;
4210883325;41;98882;2570;0;463;25753;25110;24876;25242;22831;22314;23839;19036;262;3;-4;90;90;90;0;0;0;0;0;0;
4210883325;42;98884;2570;0;464;25753;25110;24874;25243;22828;22311;23839;19027;262;3;-4;90;90;90;0;0;0;0;0;0;
4210883325;43;98883;2571;0;464;25753;25110;24871;25242;22826;22297;23838;19029;262;3;-6;90;90;90;0;0;0;0;0;0;
4210883325;44;98885;2572;0;464;25753;25110;24881;25243;22828;22338;23839;19047;263;2;-4;90;90;90;0;0;0;0;0;0;
4210883325;45;98883;2572;0;464;25753;25110;24878;25243;22828;22330;23838;19022;259;2;-4;90;90;90;0;0;0;0;0;0;
4210883325;46;98885;2573;0;464;25753;25110;24874;25242;22826;22327;23838;19041;262;2;-4;90;90;90;0;0;0;0;0;0;
4210883325;47;98883;2573;0;464;25753;25110;24876;25243;22827;22320;23838;19055;263;1;-7;90;90;90;0;0;0;0;0;0;
4210883325;48;98883;2573;0;465;25753;25110;24879;25243;22827;22333;23838;19023;262;3;-6;90;90;90;0;0;0;0;0;0;
4210883325;49;98884;2574;0;464;25752;25110;24869;25242;22822;22288;23837;18999;263;3;-5;90;90;90;0;0;0;0;0;0;
4210883325;50;98879;2575;0;463;25752;25110;24879;25244;22822;22313;23838;19022;264;2;-3;90;90;90;0;0;0;0;0;0;
4210883325;51;98884;2575;0;464;25752;25109;24878;25243;22827;22328;23838;19017;263;2;-4;90;90;90;0;0;0;0;0;0;
4210883325;52;98884;2576;0;463;25753;25109;24869;25242;22825;22305;23836;19027;263;2;-5;90;90;90;0;0;0;0;0;0;
4210883325;53;98884;2577;0;463;25752;25109;24875;25243;22824;22312;23837;19024;264;1;-4;90;90;90;0;0;0;0;0;0;
4210883325;54;98883;2577;0;464;25752;25109;24880;25243;22826;22336;23837;19014;263;3;-4;90;90;90;0;0;0;0;0;0;
4210883325;55;98884;2578;0;464;25752;25109;24880;25242;22824;22333;23837;18986;262;2;-5;90;90;90;0;0;0;0;0;0;
4210883325;56;98883;2579;0;462;25752;25109;24868;25241;22821;22282;23836;18977;263;2;-6;90;90;90;0;0;0;0;0;0;
4210883325;57;98882;2579;0;462;25752;25109;24869;25242;22821;22286;23835;18975;263;2;-6;90;90;90;0;0;0;0;0;0;
4210883325;58;98880;2579;0;462;25752;25109;24870;25242;22821;22280;23835;19010;261;2;-7;90;90;90;0;0;0;0;0;0;
4210883325;59;98885;2580;0;463;25752;25109;24883;25243;22823;22348;23836;19006;263;3;-5;90;90;90;0;0;0;0;0;0;
4210883325;60;98886;2581;0;463;25752;25109;24881;25243;22822;22342;23836;18997;265;2;-7;90;90;90;0;0;0;0;0;0;
4210883325;61;98882;2581;0;463;25752;25108;24882;25243;22822;22334;23835;18997;263;2;-5;90;90;90;0;0;0;0;0;0;
4210883325;62;98884;2583;0;463;25752;25108;24877;25242;22821;22325;23833;18862;267;-1;-3;90;90;90;0;0;0;0;0;0;
4210883325;63;98885;2583;0;456;25752;25107;24847;25239;22805;22124;23831;18912;262;2;-6;90;90;90;0;0;0;0;0;0;
4210883325;64;98884;2585;0;460;25752;25108;24861;25239;22813;22222;23834;18975;263;3;-9;90;90;90;0;0;0;0;0;0;
4210883325;65;98887;2586;0;462;25752;25108;24863;25241;22818;22259;23835;18990;264;1;-5;90;90;90;0;0;0;0;0;0;
4210883325;66;98885;2586;0;462;25752;25108;24876;25242;22817;22292;23832;18880;263;2;-5;90;90;90;0;0;0;0;0;0;
4210883325;67;98884;2587;0;460;25752;25108;24879;25243;22808;22271;23834;18970;262;3;-4;90;90;90;0;0;0;0;0;0;
4210883325;68;98885;2588;0;462;25752;25108;24877;25243;22816;22308;23834;18988;263;3;-4;90;90;90;0;0;0;0;0;0;
4210883325;69;98884;2588;0;463;25752;25108;24885;25243;22818;22354;23835;19019;264;2;-8;90;90;90;0;0;0;0;0;0;
4210883325;70;98883;2589;0;463;25752;25108;24882;25243;22820;22346;23834;18995;263;2;-7;90;90;90;0;0;0;0;0;0;
4210883325;71;98884;2590;0;463;25752;25108;24879;25242;22817;22334;23832;18990;263;2;-5;90;90;90;0;0;0;0;0;0;
4210883325;72;98884;2590;0;464;25752;25108;24880;25243;22815;22338;23834;18999;263;2;-3;90;90;90;0;0;0;0;0;0;
4210883325;73;98888;2592;0;463;25752;25107;24879;25242;22815;22330;23833;18977;262;1;-7;90;90;90;0;0;0;0;0;0;
4210883325;74;98886;2592;0;463;25752;25107;24882;25244;22809;22337;23833;18966;263;3;-5;90;90;90;0;0;0;0;0;0;
4210883325;75;98887;2592;0;464;25752;25108;24882;25243;22808;22343;23832;18870;264;2;-6;90;90;90;0;0;0;0;0;0;
4210883325;76;98887;2593;0;459;25751;25107;24846;25240;22791;22133;23827;18826;263;3;-7;90;90;90;0;0;0;0;0;0;
4210883325;77;98885;2593;0;458;25751;25107;24861;25239;22795;22228;23830;18920;263;2;-6;90;90;90;0;0;0;0;0;0;
4210883325;78;98887;2595;0;458;25751;25108;24864;25242;22808;22233;23834;18947;263;2;-3;90;90;90;0;0;0;0;0;0;
4210883325;79;98888;2596;0;460;25751;25108;24874;25243;22811;22275;23834;18948;264;1;-7;90;90;90;0;0;0;0;0;0;
4210883325;80;98886;2597;0;462;25751;25107;24876;25243;22809;22298;23833;18957;262;2;-6;90;90;90;0;0;0;0;0;0;
4210883325;81;98888;2598;0;463;25751;25108;24887;25245;22811;22355;23835;18971;263;2;-5;90;90;90;0;0;0;0;0;0;
4210883325;82;98884;2598;0;464;25751;25108;24886;25244;22808;22347;23834;18952;262;2;-5;90;90;90;0;0;0;0;0;0;
4210883325;83;98885;2599;0;464;25751;25107;24834;25232;22798;22149;23823;18736;264;2;-5;90;90;90;0;0;0;0;0;0;
4210883325;84;98885;2600;0;452;25748;25106;24847;25239;22770;22098;23826;18903;264;3;-5;90;90;90;0;0;0;0;0;0;
4210883325;85;98888;2601;0;462;25751;25107;24883;25243;22796;22334;23832;18967;262;3;-5;90;90;90;0;0;0;0;0;0;
4210883325;86;98885;2602;0;464;25751;25107;24884;25243;22805;22351;23832;18991;263;3;-4;90;90;90;0;0;0;0;0;0;
4210883325;87;98880;2602;0;463;25751;25107;24866;25240;22805;22279;23829;18856;264;3;-5;90;90;90;0;0;0;0;0;0;
4210883325;88;98885;2603;0;458;25751;25106;24858;25245;22796;22195;23829;18904;263;2;-5;90;90;90;0;0;0;0;0;0;
4210883325;89;98885;2604;0;460;25751;25107;24879;25243;22806;22309;23832;18989;263;1;-4;90;90;90;0;0;0;0;0;0;
4210883325;90;98887;2605;0;464;25751;25107;24883;25243;22813;22337;23832;18992;265;1;-5;90;90;90;0;0;0;0;0;0;
4210883325;91;98886;2606;0;464;25751;25107;24877;25240;22810;22335;23830;18835;265;2;-4;90;90;90;0;0;0;0;0;0;
4210883325;92;98887;2607;0;456;25749;25105;24832;25240;22792;22111;23825;18885;261;4;-4;90;90;90;0;0;0;0;0;0;
4210883325;93;98887;2608;0;459;25751;25106;24882;25245;22806;22319;23832;18998;267;2;-5;90;90;90;0;0;0;0;0;0;
4210883325;94;98884;2608;0;464;25751;25107;24886;25244;22814;22353;23831;18947;263;2;-5;90;90;90;0;0;0;0;0;0;
4210883325;95;98887;2609;0;462;25751;25105;24846;25244;22803;22157;23825;18905;263;3;-4;90;90;90;0;0;0;0;0;0;
4210883325;96;98884;2610;0;463;25752;25106;24894;25246;22812;22374;23832;18997;263;4;-8;90;90;90;0;0;0;0;0;0;
4210883325;97;98886;2610;0;464;25752;25106;24885;25245;22814;22357;23830;18885;263;3;-5;90;90;90;0;0;0;0;0;0;
4210883325;98;98887;2611;0;458;25750;25104;24824;25232;22791;22050;23821;18736;263;2;-5;90;90;90;0;0;0;0;0;0;
4210883325;99;98884;2612;0;446;25748;25105;24866;25248;22780;22162;23832;18988;262;3;-5;90;90;90;0;0;0;0;0;0;
4210883325;100;98884;2613;0;465;25752;25107;24898;25248;22822;22379;23835;19011;265;3;-5;90;90;90;0;0;0;0;0;0;
4210883325;101;98885;2615;0;466;25752;25107;24889;25242;22822;22349;23831;18847;264;2;-5;90;90;90;0;0;0;0;0;0;
4210883325;102;98883;2616;0;457;25749;25106;24864;25252;22802;22143;23833;18983;262;2;-6;90;90;90;0;0;0;0;0;0;
4210883325;103;98885;2617;0;467;25753;25108;24911;25250;22826;22429;23838;19033;264;2;-7;90;90;90;0;0;0;0;0;0;
4210883325;104;98883;2616;0;466;25752;25108;24911;25251;22827;22424;23839;19018;263;5;-6;90;90;90;0;0;0;0;0;0;
4210883325;105;98885;2617;0;466;25753;25108;24914;25251;22831;22442;23840;19027;267;3;-6;90;90;90;0;0;0;0;0;0;
4210883325;106;98886;2618;0;466;25753;25108;24911;25250;22832;22426;23840;19046;265;2;-5;90;90;90;0;0;0;0;0;0;
4210883325;107;98883;2618;0;465;25752;25108;24906;25249;22833;22423;23839;19043;262;2;-6;90;90;90;0;0;0;0;0;0;
4210883325;108;98889;2619;0;463;25752;25107;24895;25248;22834;22392;23837;18962;261;1;-6;90;90;90;0;0;0;0;0;0;
4210883325;109;98885;2620;0;462;25751;25107;24888;25244;22828;22342;23835;18979;263;2;-6;90;90;90;0;0;0;0;0;0;
4210883325;110;98883;2620;0;456;25750;25105;24864;25241;22824;22267;23831;18974;264;3;-6;90;90;90;0;0;0;0;0;0;
4210883325;111;98888;2621;0;453;25750;25105;24866;25242;22825;22289;23832;19002;263;2;-4;90;90;90;0;0;0;0;0;0;
4210883325;112;98884;2622;0;451;25750;25105;24866;25241;22830;22290;23832;19007;264;2;-13;90;90;90;0;0;0;0;0;0;
4210883325;113;98884;2622;0;450;25750;25105;24865;25242;22830;22287;23832;19005;263;3;-3;90;90;90;0;0;0;0;0;0;
4210883325;114;98885;2623;0;452;25750;25105;24866;25242;22831;22287;23832;19011;265;4;-5;90;90;90;0;0;0;0;0;0;
4210883325;115;98886;2624;0;451;25750;25105;24865;25241;22831;22289;23831;19010;263;2;-5;90;90;90;0;0;0;0;0;0;
4210883325;116;98886;2625;0;451;25750;25105;24864;25241;22830;22285;23831;19004;262;2;-7;90;90;90;0;0;0;0;0;0;
4210883325;117;98882;2625;0;451;25750;25104;24865;25241;22829;22285;23831;19000;264;3;-4;90;90;90;0;0;0;0;0;0;
4210883325;118;98883;2626;0;451;25750;25105;24865;25241;22830;22287;23831;19007;263;2;-4;90;90;90;0;0;0;0;0;0;
4210883325;119;98886;2627;0;451;25750;25104;24865;25241;22830;22287;23831;19008;263;3;-6;90;90;90;0;0;0;0;0;0;
4210883325;120;98885;2627;0;452;25750;25104;24866;25241;22829;22290;23832;19008;263;3;-5;90;90;90;0;0;0;0;0;0;
4210883325;121;98886;2628;0;451;25750;25105;24866;25241;22830;22292;23832;19008;263;4;-7;90;90;90;0;0;0;0;0;0;
4210883325;122;98884;2629;0;450;25749;25105;24865;25240;22829;22289;23831;19007;264;2;-5;90;90;90;0;0;0;0;0;0;
4210883325;123;98881;2629;0;451;25749;25104;24865;25240;22827;22288;23831;19000;264;2;-6;90;90;90;0;0;0;0;0;0;
4210883325;124;98881;2630;0;451;25749;25104;24866;25240;22825;22291;23831;18999;263;1;-5;90;90;90;0;0;0;0;0;0;
4210883325;125;98882;2630;0;451;25749;25105;24865;25240;22825;22291;23831;19004;264;4;-5;90;90;90;0;0;0;0;0;0;
4210883325;126;98884;2630;0;452;25749;25104;24865;25240;22827;22289;23831;19001;263;2;-3;90;90;90;0;0;0;0;0;0;
4210883325;127;98887;2631;0;451;25750;25105;24865;25241;22828;22288;23831;18995;264;3;-7;90;90;90;0;0;0;0;0;0;
4210883325;128;98881;2631;0;451;25749;25105;24864;25240;22828;22284;23831;19000;262;2;-5;90;90;90;0;0;0;0;0;0;
4210883325;129;98881;2631;0;451;25749;25104;24864;25240;22829;22285;23831;19000;263;4;-5;90;90;90;0;0;0;0;0;0;
4210883325;130;98879;2631;0;451;25749;25104;24864;25240;22827;22285;23830;19003;263;3;-7;90;90;90;0;0;0;0;0;0;
4210883325;131;98881;2631;0;451;25749;25104;24864;25240;22828;22285;23831;19002;263;2;-3;90;90;90;0;0;0;0;0;0;
4210883325;132;98887;2632;0;451;25749;25104;24864;25240;22828;22284;23830;19002;263;2;-7;90;90;90;0;0;0;0;0;0;
4210883325;133;98884;2633;0;451;25749;25104;24864;25240;22828;22285;23831;19000;262;3;-6;90;90;90;0;0;0;0;0;0;
4210883325;134;98884;2634;0;451;25749;25105;24864;25240;22827;22285;23832;19002;263;2;-6;90;90;90;0;0;0;0;0;0;
4210883325;135;98885;2635;0;451;25749;25105;24863;25240;22828;22284;23831;19000;263;2;-6;90;90;90;0;0;0;0;0;0;
4210883325;136;98884;2635;0;451;25749;25104;24864;25240;22826;22284;23832;18999;262;2;-7;90;90;90;0;0;0;0;0;0;
4210883325;137;98884;2634;0;451;25749;25104;24864;25240;22826;22285;23831;19000;263;1;-4;90;90;90;0;0;0;0;0;0;
4210883325;138;98884;2635;0;451;25749;25104;24864;25240;22826;22287;23831;19004;263;2;-6;90;90;90;0;0;0;0;0;0;
4210883325;139;98882;2636;0;451;25749;25104;24864;25240;22827;22287;23831;19002;262;2;-7;90;90;90;0;0;0;0;0;0;
4210883325;140;98887;2636;0;451;25749;25104;24864;25240;22826;22286;23831;19000;263;2;-6;90;90;90;0;0;0;0;0;0;
4210883325;141;98885;2637;0;451;25749;25104;24863;25240;22825;22285;23830;19001;263;2;-6;90;90;90;0;0;0;0;0;0;
4210883325;142;98882;2637;0;451;25749;25104;24863;25240;22825;22284;23831;19001;264;3;-6;90;90;90;0;0;0;0;0;0;
4210883325;143;98886;2638;0;451;25749;25104;24864;25240;22825;22285;23830;19002;264;3;-6;90;90;90;0;0;0;0;0;0;
4210883325;144;98885;2638;0;450;25749;25105;24864;25240;22825;22285;23831;19001;264;1;-5;90;90;90;0;0;0;0;0;0;
4210883325;145;98886;2638;0;450;25749;25105;24864;25240;22824;22285;23831;19000;263;2;-6;90;90;90;0;0;0;0;0;0;
4210883325;146;98887;2639;0;450;25749;25105;24863;25240;22824;22283;23831;18989;264;2;-5;90;90;90;0;0;0;0;0;0;
4210883325;147;98886;2639;0;450;25749;25105;24862;25240;22821;22276;23830;18983;264;1;-8;90;90;90;0;0;0;0;0;0;
4210883325;148;98884;2639;0;451;25749;25105;24862;25240;22821;22278;23831;18989;264;2;-6;90;90;90;0;0;0;0;0;0;
4210883325;149;98888;2640;0;451;25749;25105;24863;25240;22822;22281;23831;18988;264;4;-6;90;90;90;0;0;0;0;0;0;
4210883325;150;98885;2641;0;451;25749;25105;24863;25240;22822;22284;23832;18989;262;2;-6;90;90;90;0;0;0;0;0;0;
4210883325;151;98886;2641;0;451;25749;25105;24863;25240;22822;22283;23832;18992;264;1;-6;90;90;90;0;0;0;0;0;0;
4210883325;152;98886;2642;0;451;25749;25105;24863;25239;22823;22282;23832;18987;263;3;-5;90;90;90;0;0;0;0;0;0;
4210883325;153;98883;2642;0;451;25749;25105;24863;25240;22822;22280;23832;18980;264;2;-4;90;90;90;0;0;0;0;0;0;
4210883325;154;98884;2643;0;451;25749;25105;24863;25239;22820;22283;23831;18983;262;4;-4;90;90;90;0;0;0;0;0;0;
4210883325;155;98883;2643;0;452;25749;25104;24865;25240;22818;22288;23832;18983;262;3;-4;90;90;90;0;0;0;0;0;0;
4210883325;156;98885;2644;0;452;25749;25105;24866;25240;22814;22291;23832;18944;264;2;-6;90;90;90;0;0;0;0;0;0;
4210883325;157;98879;2643;0;451;25750;25105;24865;25240;22807;22287;23831;18966;263;1;-4;90;90;90;0;0;0;0;0;0;
4210883325;158;98885;2644;0;451;25750;25105;24864;25240;22812;22288;23831;18981;262;2;-6;90;90;90;0;0;0;0;0;0;
4210883325;159;98883;2644;0;451;25750;25105;24866;25240;22816;22294;23832;19001;263;4;-5;90;90;90;0;0;0;0;0;0;
4210883325;160;98882;2644;0;451;25750;25105;24865;25240;22824;22297;23833;19014;263;3;-6;90;90;90;0;0;0;0;0;0;
4210883325;161;98880;2644;0;451;25750;25105;24865;25240;22827;22294;23834;19016;263;4;-7;90;90;90;0;0;0;0;0;0;
4210883325;162;98880;2645;0;451;25750;25105;24866;25240;22828;22296;23834;19013;264;2;-4;90;90;90;0;0;0;0;0;0;
4210883325;163;98885;2646;0;451;25750;25105;24866;25240;22827;22300;23834;19016;262;3;-5;90;90;90;0;0;0;0;0;0;
4210883325;164;98884;2646;0;451;25750;25105;24866;25240;22828;22297;23833;19016;262;2;-3;90;90;90;0;0;0;0;0;0;
4210883325;165;98883;2647;0;451;25750;25105;24865;25240;22826;22295;23833;19012;262;2;-5;90;90;90;0;0;0;0;0;0;
4210883325;166;98884;2648;0;451;25750;25105;24866;25240;22825;22298;23832;19011;264;2;-5;90;90;90;0;0;0;0;0;0;
4210883325;167;98887;2649;0;451;25749;25105;24866;25240;22825;22298;23831;19013;264;3;-8;90;90;90;0;0;0;0;0;0;
4210883325;168;98882;2648;0;452;25749;25104;24865;25239;22826;22295;23832;19012;263;2;-2;90;90;90;0;0;0;0;0;0;
4210883325;169;98883;2649;0;451;25749;25104;24866;25240;22825;22297;23833;19010;263;3;-8;90;90;90;0;0;0;0;0;0;
4210883325;170;98885;2649;0;451;25749;25105;24866;25240;22825;22299;23834;19014;264;4;-5;90;90;90;0;0;0;0;0;0;
4210883325;171;98885;2650;0;451;25749;25104;24866;25240;22826;22297;23833;19013;262;2;-6;90;90;90;0;0;0;0;0;0;
4210883325;172;98884;2651;0;452;25749;25104;24866;25240;22826;22297;23833;19010;262;6;-4;90;90;90;0;0;0;0;0;0;
4210883325;173;98884;2652;0;451;25749;25104;24866;25240;22825;22300;23834;19011;264;2;-5;90;90;90;0;0;0;0;0;0;
4210883325;174;98882;2653;0;451;25750;25105;24866;25240;22826;22297;23834;19013;263;4;-4;90;90;90;0;0;0;0;0;0;
4210883325;175;98881;2653;0;451;25750;25105;24865;25240;22825;22295;23834;19009;264;1;-5;90;90;90;0;0;0;0;0;0;
4210883325;176;98885;2653;0;451;25750;25105;24865;25240;22823;22296;23834;19007;264;3;-9;90;90;90;0;0;0;0;0;0;
4210883325;177;98886;2654;0;450;25750;25105;24865;25239;22824;22296;23833;19011;264;3;-6;90;90;90;0;0;0;0;0;0;
4210883325;178;98886;2654;0;451;25750;25104;24865;25239;22825;22295;23831;19007;264;2;-6;90;90;90;0;0;0;0;0;0;
4210883325;179;98886;2654;0;451;25749;25103;24865;25238;22822;22295;23828;19004;263;3;-4;90;90;90;0;0;0;0;0;0;
4210883325;180;98887;2654;0;451;25748;25102;24865;25238;22822;22295;23828;19006;262;3;-3;90;90;90;0;0;0;0;0;0;
4210883325;181;98883;2655;0;451;25748;25101;24864;25237;22823;22294;23826;19006;263;3;-5;90;90;90;0;0;0;0;0;0;
4210883325;182;98884;2656;0;450;25748;25101;24864;25237;22822;22294;23828;19000;262;2;-4;90;90;90;0;0;0;0;0;0;
4210883325;183;98882;2656;0;451;25748;25100;24864;25237;22820;22293;23826;19002;262;3;-5;90;90;90;0;0;0;0;0;0;
4210883325;184;98887;2655;0;450;25748;25100;24865;25237;22822;22294;23826;19004;263;3;-5;90;90;90;0;0;0;0;0;0;
4210883325;185;98881;2655;0;450;25747;25100;24864;25238;22823;22294;23827;19001;263;2;-7;90;90;90;0;0;0;0;0;0;
4210883325;186;98884;2655;0;450;25748;25102;24864;25238;22821;22293;23832;19000;263;2;-6;90;90;90;0;0;0;0;0;0;
4210883325;187;98885;2655;0;451;25748;25102;24864;25238;22822;22292;23831;19004;262;2;-5;90;90;90;0;0;0;0;0;0;
4210883325;188;98888;2656;0;450;25748;25102;24864;25237;22822;22292;23830;18999;262;3;-7;90;90;90;0;0;0;0;0;0;
4210883325;189;98884;2656;0;450;25747;25102;24864;25237;22818;22292;23830;18996;264;1;-8;90;90;90;0;0;0;0;0;0;
4210883325;190;98887;2655;0;450;25747;25102;24864;25237;22818;22292;23831;18998;263;4;-4;90;90;90;0;0;0;0;0;0;
4210883325;191;98884;2655;0;450;25748;25101;24863;25236;22819;22291;23828;18995;264;2;-4;90;90;90;0;0;0;0;0;0;
4210883325;192;98883;2655;0;450;25747;25099;24863;25236;22815;22290;23825;18993;264;3;-7;90;90;90;0;0;0;0;0;0;
4210883325;193;98884;2655;0;450;25747;25100;24863;25236;22814;22289;23827;18994;264;3;-6;90;90;90;0;0;0;0;0;0;
4210883325;194;98885;2655;0;450;25747;25101;24863;25236;22815;22290;23829;18994;262;1;-3;90;90;90;0;0;0;0;0;0;
4210883325;195;98884;2656;0;450;25747;25101;24863;25236;22815;22290;23829;18994;264;2;-2;90;90;90;0;0;0;0;0;0;
4210883325;196;98883;2657;0;450;25747;25101;24863;25237;22816;22290;23830;18997;263;2;-7;90;90;90;0;0;0;0;0;0;
4210883325;197;98884;2657;0;450;25747;25102;24863;25237;22816;22290;23831;18996;263;2;-4;90;90;90;0;0;0;0;0;0;
4210883325;198;98883;2657;0;450;25747;25101;24863;25236;22816;22290;23830;18994;263;2;-9;90;90;90;0;0;0;0;0;0;
4210883325;199;98883;2657;0;450;25747;25101;24863;25236;22816;22289;23830;18997;263;3;-6;90;90;90;0;0;0;0;0;0;
4210883325;200;98884;2658;0;450;25746;25101;24863;25236;22817;22289;23831;18995;264;2;-7;90;90;90;0;0;0;0;0;0;
4210883325;201;98886;2658;0;451;25747;25100;24862;25235;22816;22288;23830;18990;264;3;-5;90;90;90;0;0;0;0;0;0;
4210883325;202;98882;2659;0;449;25746;25100;24862;25235;22815;22286;23828;18993;264;1;-7;90;90;90;0;0;0;0;0;0;
4210883325;203;98882;2659;0;450;25745;25099;24862;25235;22816;22286;23826;18992;262;2;-6;90;90;90;0;0;0;0;0;0;
4210883325;204;98879;2659;0;449;25745;25099;24862;25234;22815;22285;23827;18986;263;3;-7;90;90;90;0;0;0;0;0;0;
4210883325;205;98887;2660;0;449;25745;25099;24862;25234;22813;22285;23827;18989;262;2;-4;90;90;90;0;0;0;0;0;0;
4210883325;206;98885;2660;0;450;25746;25100;24862;25235;22815;22286;23829;18993;263;4;-6;90;90;90;0;0;0;0;0;0;
4210883325;207;98885;2661;0;449;25746;25100;24863;25235;22817;22287;23829;18989;263;3;-5;90;90;90;0;0;0;0;0;0;
4210883325;208;98887;2661;0;450;25745;25100;24863;25235;22814;22288;23830;18988;263;3;-5;90;90;90;0;0;0;0;0;0;
4210883325;209;98887;2661;0;450;25746;25101;24862;25235;22814;22287;23830;18992;264;3;-12;90;90;90;0;0;0;0;0;0;
4210883325;210;98887;2662;0;450;25746;25102;24862;25235;22816;22285;23829;18988;263;2;-6;90;90;90;0;0;0;0;0;0;
4210883325;211;98888;2662;0;450;25746;25101;24862;25235;22812;22285;23830;18985;264;-3;-3;90;90;90;0;0;0;0;0;0;
4210883325;212;98885;2663;0;450;25746;25101;24862;25235;22811;22286;23829;18990;262;3;-5;90;90;90;0;0;0;0;0;0;
4210883325;213;98887;2663;0;450;25746;25101;24862;25235;22814;22286;23828;18989;261;2;-4;90;90;90;0;0;0;0;0;0;
4210883325;214;98887;2664;0;449;25746;25100;24862;25235;22812;22285;23828;18982;263;2;-5;90;90;90;0;0;0;0;0;0;
4210883325;215;98884;2665;0;450;25745;25100;24862;25235;22809;22284;23830;18983;264;2;-8;90;90;90;0;0;0;0;0;0;
4210883325;216;98885;2665;0;449;25745;25100;24861;25235;22810;22283;23827;18985;263;3;-5;90;90;90;0;0;0;0;0;0;
4210883325;217;98883;2666;0;449;25744;25098;24861;25235;22810;22282;23825;18980;262;8;-9;90;90;90;0;0;0;0;0;0;
4210883325;218;98886;2666;0;449;25745;25098;24861;25235;22809;22283;23826;18981;264;2;-6;90;90;90;0;0;0;0;0;0;
4210883325;219;98886;2666;0;450;25745;25099;24861;25235;22810;22283;23827;18986;263;3;-7;90;90;90;0;0;0;0;0;0;
4210883325;220;98886;2667;0;450;25745;25099;24861;25235;22811;22282;23827;18980;263;3;-6;90;90;90;0;0;0;0;0;0;
4210883325;221;98888;2668;0;449;25745;25099;24861;25235;22808;22281;23826;18976;264;2;-7;90;90;90;0;0;0;0;0;0;
4210883325;222;98888;2668;0;450;25745;25099;24861;25235;22806;22280;23826;18980;263;3;-6;90;90;90;0;0;0;0;0;0;
4210883325;223;98883;2668;0;450;25745;25099;24861;25235;22810;22280;23826;18982;261;3;-7;90;90;90;0;0;0;0;0;0;
4210883325;224;98884;2667;0;449;25745;25099;24860;25234;22809;22281;23825;18977;263;2;-5;90;90;90;0;0;0;0;0;0;
4210883325;225;98887;2668;0;449;25745;25099;24860;25234;22807;22280;23826;18979;263;2;-6;90;90;90;0;0;0;0;0;0;
4210883325;226;98883;2669;0;450;25745;25099;24860;25234;22808;22280;23825;18980;263;2;-5;90;90;90;0;0;0;0;0;0;
4210883325;227;98884;2669;0;449;25745;25099;24860;25234;22808;22279;23825;18976;263;1;-5;90;90;90;0;0;0;0;0;0;
4210883325;228;98886;2670;0;449;25744;25099;24860;25234;22806;22278;23825;18975;265;4;-5;90;90;90;0;0;0;0;0;0;
4210883325;229;98883;2670;0;449;25745;25099;24860;25234;22807;22278;23828;18980;262;2;-3;90;90;90;0;0;0;0;0;0;
4210883325;230;98888;2671;0;449;25745;25099;24860;25234;22808;22279;23828;18977;264;3;-5;90;90;90;0;0;0;0;0;0;
4210883325;231;98886;2671;0;449;25745;25099;24859;25233;22807;22277;23828;18974;263;2;-4;90;90;90;0;0;0;0;0;0;
4210883325;232;98884;2672;0;449;25744;25099;24859;25233;22806;22277;23827;18975;262;2;-6;90;90;90;0;0;0;0;0;0;
4210883325;233;98883;2672;0;449;25744;25099;24859;25233;22806;22276;23827;18974;262;3;-6;90;90;90;0;0;0;0;0;0;
4210883325;234;98883;2673;0;449;25744;25099;24859;25233;22805;22276;23826;18972;263;1;-7;90;90;90;0;0;0;0;0;0;
4210883325;235;98886;2673;0;449;25744;25098;24859;25234;22805;22275;23826;18973;264;2;-6;90;90;90;0;0;0;0;0;0;
4210883325;236;98883;2674;0;449;25744;25098;24859;25233;22805;22276;23826;18973;263;3;-5;90;90;90;0;0;0;0;0;0;
4210883325;237;98889;2675;0;449;25744;25098;24858;25233;22805;22275;23826;18970;262;3;-5;90;90;90;0;0;0;0;0;0;
4210883325;238;98887;2675;0;449;25744;25098;24858;25233;22803;22273;23825;18969;262;2;-6;90;90;90;0;0;0;0;0;0;
4210883325;239;98884;2676;0;448;25744;25098;24858;25233;22803;22273;23825;18970;264;2;-5;90;90;90;0;0;0;0;0;0;
4210883325;240;98882;2676;0;449;25744;25098;24858;25232;22803;22272;23825;18968;263;3;-8;90;90;90;0;0;0;0;0;0;
4210883325;241;98888;2677;0;448;25744;25098;24858;25233;22802;22272;23824;18964;263;1;-7;90;90;90;0;0;0;0;0;0;
4210883325;242;98888;2677;0;449;25744;25098;24857;25232;22801;22271;23824;18948;262;2;-6;90;90;90;0;0;0;0;0;0;
4210883325;243;98886;2678;0;448;25744;25098;24857;25232;22794;22268;23823;18932;263;1;-4;90;90;90;0;0;0;0;0;0;
4210883325;244;98886;2678;0;448;25744;25098;24856;25232;22789;22265;23823;18916;264;2;-4;90;90;90;0;0;0;0;0;0;
4210883325;245;98884;2679;0;449;25743;25097;24856;25232;22784;22261;23823;18915;262;4;-4;90;90;90;0;0;0;0;0;0;
4210883325;246;98886;2679;0;448;25744;25097;24856;25232;22790;22265;23823;18949;263;2;-7;90;90;90;0;0;0;0;0;0;
4210883325;247;98885;2680;0;448;25744;25097;24856;25232;22798;22267;23823;18951;263;2;-6;90;90;90;0;0;0;0;0;0;
4210883325;248;98883;2681;0;447;25744;25097;24856;25232;22798;22265;23823;18949;263;4;-4;90;90;90;0;0;0;0;0;0;
4210883325;249;98888;2682;0;447;25743;25097;24856;25232;22797;22264;23822;18952;263;2;-4;90;90;90;0;0;0;0;0;0;
4210883325;250;98889;2683;0;449;25744;25097;24856;25232;22798;22265;23822;18954;264;3;-5;90;90;90;0;0;0;0;0;0;
4210883325;251;98887;2683;0;447;25743;25097;24855;25231;22799;22264;23822;18951;264;2;-6;90;90;90;0;0;0;0;0;0;
4210883325;252;98882;2684;0;449;25743;25097;24855;25231;22798;22262;23821;18953;264;2;-4;90;90;90;0;0;0;0;0;0;
4210883325;253;98883;2684;0;447;25743;25096;24855;25232;22799;22265;23821;18959;264;1;-6;90;90;90;0;0;0;0;0;0;
4210883325;254;98884;2684;0;449;25743;25097;24856;25232;22799;22267;23821;18963;264;2;-7;90;90;90;0;0;0;0;0;0;
4210883325;255;98891;2685;0;448;25743;25097;24856;25231;22801;22267;23821;18961;263;4;-5;90;90;90;0;0;0;0;0;0;
4210883325;256;98889;2686;0;446;25743;25097;24856;25231;22800;22267;23821;18961;262;3;-4;90;90;90;0;0;0;0;0;0;
4210883325;257;98889;2686;0;447;25743;25096;24855;25231;22799;22266;23821;18961;264;2;-5;90;90;90;0;0;0;0;0;0;
4210883325;258;98894;2687;0;447;25743;25096;24855;25231;22799;22265;23821;18958;263;2;-6;90;90;90;0;0;0;0;0;0;
4210883325;259;98893;2687;0;447;25742;25097;24855;25231;22798;22265;23821;18959;263;3;-7;90;90;90;0;0;0;0;0;0;
4210883325;260;98891;2687;0;447;25743;25097;24855;25231;22799;22265;23820;18960;262;2;-6;90;90;90;0;0;0;0;0;0;
4210883325;261;98884;2688;0;447;25743;25097;24855;25231;22799;22264;23821;18958;265;1;-6;90;90;90;0;0;0;0;0;0;
4210883325;262;98885;2688;0;447;25743;25097;24854;25231;22797;22263;23822;18956;264;2;-7;90;90;90;0;0;0;0;0;0;
4210883325;263;98887;2688;0;447;25743;25097;24855;25231;22797;22265;23823;18958;263;2;-4;90;90;90;0;0;0;0;0;0;
4210883325;264;98886;2689;0;448;25743;25096;24855;25231;22797;22264;23822;18956;263;3;-7;90;90;90;0;0;0;0;0;0;
4210883325;265;98886;2690;0;447;25743;25097;24854;25231;22796;22264;23823;18956;263;3;-6;90;90;90;0;0;0;0;0;0;
4210883325;266;98885;2690;0;447;25743;25097;24854;25231;22797;22264;23822;18957;263;2;-7;90;90;90;0;0;0;0;0;0;
4210883325;267;98887;2691;0;447;25743;25097;24854;25231;22796;22263;23820;18956;264;4;-6;90;90;90;0;0;0;0;0;0;
4210883325;268;98886;2691;0;447;25742;25097;24853;25231;22795;22261;23819;18953;263;3;-5;90;90;90;0;0;0;0;0;0;
4210883325;269;98886;2692;0;446;25742;25097;24854;25231;22794;22261;23819;18951;261;2;-8;90;90;90;0;0;0;0;0;0;
4210883325;270;98886;2693;0;446;25742;25097;24853;25230;22794;22260;23820;18946;264;3;-5;90;90;90;0;0;0;0;0;0;
4210883325;271;98883;2694;0;445;25742;25097;24852;25230;22791;22256;23819;18938;264;2;-6;90;90;90;0;0;0;0;0;0;
4210883325;272;98883;2694;0;446;25742;25097;24852;25230;22791;22256;23818;18938;264;2;-3;90;90;90;0;0;0;0;0;0;
4210883325;273;98882;2695;0;446;25742;25097;24852;25230;22791;22255;23817;18935;264;2;-7;90;90;90;0;0;0;0;0;0;
4210883325;274;98883;2696;0;446;25742;25096;24852;25230;22789;22254;23817;18934;262;2;-5;90;90;90;0;0;0;0;0;0;
4210883325;275;98884;2696;0;446;25742;25096;24852;25230;22788;22255;23816;18919;263;2;-6;90;90;90;0;0;0;0;0;0;
4210883325;276;98886;2695;0;445;25742;25097;24852;25230;22780;22250;23817;18903;264;2;-3;90;90;90;0;0;0;0;0;0;
4210883325;277;98883;2695;0;446;25742;25097;24851;25230;22781;22252;23817;18917;264;2;-5;90;90;90;0;0;0;0;0;0;
4210883325;278;98881;2696;0;447;25742;25096;24851;25230;22784;22255;23817;18937;264;2;-7;90;90;90;0;0;0;0;0;0;
4210883325;279;98885;2696;0;446;25742;25097;24852;25230;22790;22258;23818;18949;264;3;-5;90;90;90;0;0;0;0;0;0;
4210883325;280;98884;2697;0;445;25742;25097;24851;25230;22793;22257;23817;18949;263;3;-5;90;90;90;0;0;0;0;0;0;
4210883325;281;98882;2698;0;446;25742;25097;24851;25230;22793;22256;23819;18948;264;2;-5;90;90;90;0;0;0;0;0;0;
4210883325;282;98893;2699;0;445;25742;25097;24851;25230;22793;22257;23817;18949;265;1;-5;90;90;90;0;0;0;0;0;0;
4210883325;283;98889;2699;0;445;25742;25097;24851;25230;22793;22257;23818;18947;263;2;-7;90;90;90;0;0;0;0;0;0;
4210883325;284;98889;2699;0;445;25741;25097;24851;25229;22792;22255;23817;18947;261;2;-5;90;90;90;0;0;0;0;0;0;
4210883325;285;98889;2700;0;445;25742;25097;24850;25229;22792;22255;23816;18945;263;2;-3;90;90;90;0;0;0;0;0;0;
4210883325;286;98892;2700;0;445;25741;25097;24850;25229;22791;22254;23817;18945;263;3;-6;90;90;90;0;0;0;0;0;0;
4210883325;287;98887;2701;0;445;25741;25096;24850;25229;22791;22253;23815;18944;262;3;-2;90;90;90;0;0;0;0;0;0;
4210883325;288;98886;2701;0;444;25741;25097;24850;25229;22789;22253;23817;18944;264;2;-5;90;90;90;0;0;0;0;0;0;
4210883325;289;98886;2702;0;445;25741;25097;24850;25229;22790;22252;23817;18943;264;2;-4;90;90;90;0;0;0;0;0;0;
4210883325;290;98887;2702;0;446;25741;25097;24850;25229;22789;22252;23816;18943;263;0;-3;90;90;90;0;0;0;0;0;0;
4210883325;291;98886;2703;0;444;25741;25096;24850;25229;22790;22252;23816;18942;262;3;-5;90;90;90;0;0;0;0;0;0;
4210883325;292;98888;2703;0;447;25741;25096;24849;25228;22789;22251;23816;18941;263;1;-6;90;90;90;0;0;0;0;0;0;
4210883325;293;98889;2702;0;445;25741;25096;24850;25229;22788;22250;23818;18940;262;3;-5;90;90;90;0;0;0;0;0;0;
4210883325;294;98888;2703;0;444;25741;25095;24849;25229;22787;22250;23814;18941;265;4;-6;90;90;90;0;0;0;0;0;0;
4210883325;295;98885;2703;0;445;25741;25094;24849;25229;22788;22249;23817;18939;263;2;-7;90;90;90;0;0;0;0;0;0;
4210883325;296;98886;2703;0;445;25741;25094;24849;25229;22787;22249;23817;18938;263;2;-5;90;90;90;0;0;0;0;0;0;
4210883325;297;98889;2704;0;444;25742;25093;24849;25229;22787;22248;23814;18939;262;3;-5;90;90;90;0;0;0;0;0;0;
4210883325;298;98884;2704;0;445;25741;25093;24849;25229;22787;22249;23814;18939;263;2;-5;90;90;90;0;0;0;0;0;0;
4210883325;299;98886;2705;0;443;25741;25093;24849;25228;22787;22248;23815;18937;263;2;-5;90;90;90;0;0;0;0;0;0;
4210883325;300;98888;2705;0;444;25741;25093;24849;25228;22786;22248;23815;18937;263;3;-5;90;90;90;0;0;0;0;0;0;
4210883325;301;98888;2705;0;445;25741;25094;24848;25228;22786;22246;23816;18936;263;2;-4;90;90;90;0;0;0;0;0;0;
4210883325;302;98886;2705;0;443;25741;25093;24848;25228;22786;22245;23815;18934;263;4;-5;90;90;90;0;0;0;0;0;0;
4210883325;303;98883;2705;0;444;25741;25095;24848;25228;22785;22246;23813;18933;263;3;-4;90;90;90;0;0;0;0;0;0;
4210883325;304;98885;2705;0;444;25740;25095;24848;25227;22785;22245;23813;18933;263;2;-6;90;90;90;0;0;0;0;0;0;
4210883325;305;98888;2706;0;443;25740;25095;24848;25227;22785;22244;23812;18932;263;2;-6;90;90;90;0;0;0;0;0;0;
4210883325;306;98888;2706;0;444;25740;25096;24848;25227;22784;22244;23812;18930;264;2;-7;90;90;90;0;0;0;0;0;0;
4210883325;307;98888;2706;0;443;25740;25096;24848;25227;22783;22245;23812;18931;263;2;-4;90;90;90;0;0;0;0;0;0;
4210883325;308;98885;2707;0;443;25740;25094;24848;25227;22784;22243;23812;18929;265;3;-6;90;90;90;0;0;0;0;0;0;
4210883325;309;98886;2707;0;441;25740;25093;24847;25227;22783;22241;23812;18926;263;1;-7;90;90;90;0;0;0;0;0;0;
4210883325;310;98888;2706;0;442;25740;25093;24847;25226;22781;22241;23811;18926;262;1;-4;90;90;90;0;0;0;0;0;0;
4210883325;311;98887;2706;0;443;25739;25094;24847;25226;22782;22242;23810;18927;263;2;-7;90;90;90;0;0;0;0;0;0;
4210883325;312;98888;2707;0;442;25739;25095;24847;25226;22782;22240;23810;18924;263;3;-4;90;90;90;0;0;0;0;0;0;
4210883325;313;98883;2708;0;442;25740;25094;24847;25226;22780;22241;23810;18924;263;3;-7;90;90;90;0;0;0;0;0;0;
4210883325;314;98889;2708;0;443;25739;25093;24847;25226;22781;22241;23810;18926;263;5;-5;90;90;90;0;0;0;0;0;0;
4210883325;315;98886;2708;0;444;25739;25093;24847;25226;22781;22240;23809;18923;263;3;-4;90;90;90;0;0;0;0;0;0;
4210883325;316;98884;2709;0;443;25739;25093;24846;25226;22779;22238;23809;18921;263;3;-4;90;90;90;0;0;0;0;0;0;
4210883325;317;98884;2709;0;442;25739;25094;24847;25226;22779;22239;23808;18922;263;3;-4;90;90;90;0;0;0;0;0;0;
4210883325;318;98885;2709;0;442;25739;25094;24846;25226;22780;22238;23808;18921;263;1;-5;90;90;90;0;0;0;0;0;0;
4210883325;319;98886;2709;0;441;25739;25093;24846;25225;22779;22238;23808;18919;264;3;-5;90;90;90;0;0;0;0;0;0;
4210883325;320;98886;2709;0;441;25739;25092;24846;25225;22778;22238;23808;18918;262;2;-5;90;90;90;0;0;0;0;0;0;
4210883325;321;98885;2709;0;441;25738;25092;24846;25225;22778;22237;23809;18918;263;3;-4;90;90;90;0;0;0;0;0;0;
4210883325;322;98883;2709;0;442;25739;25092;24846;25225;22777;22236;23807;18916;264;1;-8;90;90;90;0;0;0;0;0;0;
4210883325;323;98885;2709;0;442;25738;25089;24846;25225;22776;22235;23806;18915;263;2;-5;90;90;90;0;0;0;0;0;0;
4210883325;324;98883;2709;0;442;25738;25089;24845;25224;22776;22234;23804;18913;263;3;-7;90;90;90;0;0;0;0;0;0;
4210883325;325;98883;2709;0;441;25738;25086;24845;25225;22775;22233;23803;18908;264;4;-6;90;90;90;0;0;0;0;0;0;
4210883325;326;98881;2709;0;440;25739;25086;24844;25224;22772;22231;23802;18901;262;3;-5;90;90;90;0;0;0;0;0;0;
4210883325;327;98884;2709;0;440;25739;25085;24844;25224;22771;22229;23803;18898;263;2;2;90;90;90;0;0;0;0;0;0;
4210883325;328;98887;2708;0;440;25738;25086;24844;25224;22770;22229;23802;18897;263;2;-5;90;90;90;0;0;0;0;0;0;
4210883325;329;98887;2709;0;442;25738;25086;24844;25223;22770;22227;23802;18894;262;2;-9;90;90;90;0;0;0;0;0;0;
4210883325;330;98884;2709;0;440;25738;25086;24844;25224;22768;22228;23802;18892;262;2;-7;90;90;90;0;0;0;0;0;0;
4210883325;331;98883;2710;0;441;25738;25086;24844;25223;22768;22228;23802;18889;266;2;-5;90;90;90;0;0;0;0;0;0;
4210883325;332;98888;2710;0;441;25738;25085;24843;25223;22764;22224;23801;18854;263;2;-6;90;90;90;0;0;0;0;0;0;
4210883325;333;98886;2710;0;441;25738;25086;24843;25223;22757;22223;23801;18867;262;2;-7;90;90;90;0;0;0;0;0;0;
4210883325;334;98887;2709;0;441;25738;25086;24844;25223;22760;22227;23800;18892;263;2;-5;90;90;90;0;0;0;0;0;0;
4210883325;335;98885;2709;0;441;25738;25086;24844;25223;22768;22231;23802;18917;263;3;-6;90;90;90;0;0;0;0;0;0;
4210883325;336;98888;2709;0;441;25738;25086;24844;25223;22772;22232;23802;18917;263;1;-6;90;90;90;0;0;0;0;0;0;
4210883325;337;98886;2709;0;441;25738;25086;24844;25222;22773;22231;23802;18914;262;2;-5;90;90;90;0;0;0;0;0;0;
4210883325;338;98888;2709;0;440;25737;25086;24843;25223;22771;22230;23803;18916;263;2;-5;90;90;90;0;0;0;0;0;0;
4210883325;339;98883;2709;0;440;25737;25087;24844;25223;22773;22232;23802;18921;263;3;-7;90;90;90;0;0;0;0;0;0;
4210883325;340;98887;2708;0;443;25737;25087;24844;25223;22775;22232;23802;18919;263;2;-4;90;90;90;0;0;0;0;0;0;
4210883325;341;98888;2708;0;442;25737;25087;24843;25222;22775;22230;23801;18913;263;2;-6;90;90;90;0;0;0;0;0;0;
4210883325;342;98889;2708;0;441;25737;25087;24843;25222;22770;22230;23800;18912;264;3;-5;90;90;90;0;0;0;0;0;0;
4210883325;343;98887;2708;0;440;25737;25087;24843;25222;22772;22230;23799;18911;263;2;-7;90;90;90;0;0;0;0;0;0;
4210883325;344;98884;2707;0;441;25737;25087;24843;25222;22769;22230;23799;18914;263;2;-6;90;90;90;0;0;0;0;0;0;
4210883325;345;98884;2707;0;441;25737;25088;24843;25223;22772;22231;23799;18915;263;2;-8;90;90;90;0;0;0;0;0;0;
4210883325;346;98887;2708;0;441;25737;25089;24843;25222;22772;22231;23800;18913;262;4;-8;90;90;90;0;0;0;0;0;0;
4210883325;347;98886;2707;0;439;25737;25088;24843;25222;22771;22229;23799;18916;263;2;-5;90;90;90;0;0;0;0;0;0;
4210883325;348;98887;2706;0;441;25738;25088;24843;25222;22771;22229;23801;18912;263;3;-6;90;90;90;0;0;0;0;0;0;
4210883325;349;98885;2705;0;440;25738;25089;24843;25222;22771;22229;23800;18910;264;3;-6;90;90;90;0;0;0;0;0;0;
4210883325;350;98886;2706;0;442;25738;25089;24842;25222;22769;22227;23799;18913;263;3;-7;90;90;90;0;0;0;0;0;0;
4210883325;351;98889;2708;0;440;25737;25089;24842;25222;22771;22227;23799;18914;263;2;-4;90;90;90;0;0;0;0;0;0;
4210883325;352;98887;2708;0;440;25738;25089;24843;25222;22772;22229;23800;18910;262;3;-5;90;90;90;0;0;0;0;0;0;
4210883325;353;98889;2708;0;442;25738;25089;24842;25222;22767;22228;23799;18913;264;2;-5;90;90;90;0;0;0;0;0;0;
4210883325;354;98887;2708;0;442;25738;25090;24842;25223;22770;22227;23800;18915;264;3;-3;90;90;90;0;0;0;0;0;0;
4210883325;355;98884;2709;0;441;25738;25090;24843;25223;22770;22229;23802;18915;263;2;-5;90;90;90;0;0;0;0;0;0;
4210883325;356;98882;2710;0;440;25739;25090;24842;25223;22772;22228;23800;18915;264;2;-6;90;90;90;0;0;0;0;0;0;
4210883325;357;98883;2709;0;441;25738;25090;24842;25223;22769;22227;23801;18913;264;2;-7;90;90;90;0;0;0;0;0;0;
4210883325;358;98885;2710;0;442;25738;25090;24842;25222;22768;22227;23801;18904;263;2;-6;90;90;90;0;0;0;0;0;0;
4210883325;359;98885;2709;0;440;25738;25090;24842;25222;22768;22226;23801;18901;263;3;-8;90;90;90;0;0;0;0;0;0;
4210883325;360;98886;2709;0;441;25738;25089;24841;25222;22765;22224;23801;18903;263;2;-6;90;90;90;0;0;0;0;0;0;
4210883325;361;98885;2710;0;442;25738;25090;24842;25222;22767;22226;23800;18906;262;3;-8;90;90;90;0;0;0;0;0;0;
4210883325;362;98882;2710;0;442;25738;25090;24842;25222;22768;22226;23801;18904;263;2;-6;90;90;90;0;0;0;0;0;0;
4210883325;363;98884;2712;0;442;25738;25090;24842;25222;22767;22225;23800;18903;264;1;-4;90;90;90;0;0;0;0;0;0;
4210883325;364;98894;2712;0;439;25738;25089;24842;25222;22766;22225;23800;18907;263;2;-3;90;90;90;0;0;0;0;0;0;
4210883325;365;98891;2712;0;439;25738;25089;24842;25222;22768;22226;23800;18906;264;4;-5;90;90;90;0;0;0;0;0;0;
4210883325;366;98893;2713;0;440;25738;25089;24841;25222;22767;22225;23800;18905;262;3;-6;90;90;90;0;0;0;0;0;0;
4210883325;367;98886;2713;0;443;25738;25089;24841;25222;22768;22224;23799;18909;262;3;-5;90;90;90;0;0;0;0;0;0;
4210883325;368;98891;2714;0;440;25738;25089;24841;25222;22768;22225;23800;18908;263;4;-7;90;90;90;0;0;0;0;0;0;
4210883325;369;98888;2715;0;441;25738;25089;24841;25222;22768;22224;23799;18906;263;3;-6;90;90;90;0;0;0;0;0;0;
4210883325;370;98886;2714;0;440;25738;25089;24841;25222;22767;22224;23799;18906;263;3;-5;90;90;90;0;0;0;0;0;0;
4210883325;371;98887;2715;0;442;25738;25089;24841;25222;22767;22224;23799;18908;262;4;-7;90;90;90;0;0;0;0;0;0;
4210883325;372;98887;2715;0;442;25738;25088;24841;25222;22767;22223;23799;18906;263;2;-4;90;90;90;0;0;0;0;0;0;
4210883325;373;98884;2716;0;440;25738;25088;24840;25222;22766;22220;23798;18904;262;3;-7;90;90;90;0;0;0;0;0;0;
4210883325;374;98889;2716;0;439;25737;25088;24840;25222;22766;22221;23798;18903;264;1;-6;90;90;90;0;0;0;0;0;0;
4210883325;375;98889;2716;0;439;25738;25088;24841;25222;22766;22223;23798;18906;264;2;-8;90;90;90;0;0;0;0;0;0;
4210883325;376;98885;2717;0;441;25738;25088;24840;25222;22767;22222;23798;18904;264;3;-2;90;90;90;0;0;0;0;0;0;
4210883325;377;98885;2717;0;441;25737;25087;24840;25222;22765;22221;23798;18902;261;4;-7;90;90;90;0;0;0;0;0;0;
4210883325;378;98888;2718;0;443;25737;25087;24840;25222;22766;22222;23798;18905;261;-1;-1;90;90;90;0;0;0;0;0;0;
4210883325;379;98883;2718;0;441;25737;25087;24840;25222;22767;22220;23797;18904;263;4;-5;90;90;90;0;0;0;0;0;0;
4210883325;380;98887;2719;0;439;25737;25087;24840;25221;22766;22219;23796;18902;265;3;-4;90;90;90;0;0;0;0;0;0;
4210883325;381;98886;2720;0;440;25737;25087;24840;25222;22766;22220;23797;18904;263;2;-6;90;90;90;0;0;0;0;0;0;
4210883325;382;98889;2720;0;441;25737;25086;24840;25221;22767;22220;23796;18906;262;2;-5;90;90;90;0;0;0;0;0;0;
4210883325;383;98885;2720;0;440;25737;25086;24840;25221;22767;22219;23796;18901;263;3;-6;90;90;90;0;0;0;0;0;0;
4210883325;384;98886;2720;0;439;25737;25086;24840;25221;22765;22219;23795;18903;262;2;-5;90;90;90;0;0;0;0;0;0;
4210883325;385;98886;2720;0;440;25737;25087;24840;25221;22767;22221;23796;18911;265;2;-5;90;90;90;0;0;0;0;0;0;
4210883325;386;98886;2721;0;440;25737;25086;24840;25221;22769;22219;23795;18910;263;1;-6;90;90;90;0;0;0;0;0;0;
4210883325;387;98885;2721;0;440;25736;25086;24840;25221;22768;22220;23796;18905;263;2;-7;90;90;90;0;0;0;0;0;0;
4210883325;388;98884;2721;0;440;25737;25085;24840;25221;22768;22221;23796;18908;263;3;-7;90;90;90;0;0;0;0;0;0;
4210883325;389;98882;2721;0;440;25737;25086;24840;25221;22769;22220;23797;18908;263;3;-6;90;90;90;0;0;0;0;0;0;
4210883325;390;98888;2720;0;440;25737;25086;24840;25221;22768;22219;23797;18903;263;3;-6;90;90;90;0;0;0;0;0;0;
4210883325;391;98889;2721;0;441;25737;25086;24840;25221;22767;22220;23797;18907;263;3;-8;90;90;90;0;0;0;0;0;0;
4210883325;392;98886;2722;0;440;25737;25085;24840;25221;22768;22219;23797;18904;263;2;-8;90;90;90;0;0;0;0;0;0;
4210883325;393;98891;2722;0;441;25736;25085;24840;25221;22767;22219;23796;18902;262;3;-2;90;90;90;0;0;0;0;0;0;
4210883325;394;98886;2722;0;441;25736;25084;24840;25221;22767;22220;23796;18902;264;3;-6;90;90;90;0;0;0;0;0;0;
4210883325;395;98885;2723;0;442;25737;25084;24840;25221;22767;22220;23796;18910;263;2;-7;90;90;90;0;0;0;0;0;0;
4210883325;396;98882;2723;0;441;25737;25084;24840;25221;22769;22219;23796;18905;263;2;-5;90;90;90;0;0;0;0;0;0;
4210883325;397;98883;2723;0;440;25737;25083;24840;25221;22768;22220;23796;18905;263;2;-4;90;90;90;0;0;0;0;0;0;
4210883325;398;98886;2724;0;441;25737;25083;24840;25220;22767;22220;23794;18906;264;2;-5;90;90;90;0;0;0;0;0;0;
4210883325;399;98887;2724;0;439;25737;25084;24840;25221;22767;22219;23794;18906;265;4;-4;90;90;90;0;0;0;0;0;0;
4210883325;400;98884;2724;0;441;25737;25086;24840;25221;22767;22220;23795;18903;262;2;-4;90;90;90;0;0;0;0;0;0;
4210883325;401;98886;2724;0;441;25736;25085;24840;25220;22766;22220;23795;18903;262;2;-5;90;90;90;0;0;0;0;0;0;
4210883325;402;98885;2724;0;442;25736;25085;24840;25221;22767;22219;23794;18908;265;2;-5;90;90;90;0;0;0;0;0;0;
4210883325;403;98886;2724;0;441;25736;25085;24840;25221;22768;22221;23795;18925;263;1;-3;90;90;90;0;0;0;0;0;0;
4210883325;404;98886;2725;0;440;25736;25086;24840;25221;22770;22224;23794;18909;263;2;-6;90;90;90;0;0;0;0;0;0;
4210883325;405;98885;2725;0;441;25736;25085;24840;25220;22768;22220;23794;18912;263;2;-5;90;90;90;0;0;0;0;0;0;
4210883325;406;98883;2725;0;440;25736;25085;24840;25221;22769;22221;23794;18914;263;3;-8;90;90;90;0;0;0;0;0;0;
4210883325;407;98888;2725;0;442;25737;25085;24840;25220;22769;22221;23795;18910;265;1;-6;90;90;90;0;0;0;0;0;0;
4210883325;408;98889;2725;0;440;25737;25085;24840;25221;22768;22219;23796;18911;263;2;-6;90;90;90;0;0;0;0;0;0;
4210883325;409;98889;2725;0;441;25737;25086;24840;25221;22768;22220;23797;18913;264;2;-5;90;90;90;0;0;0;0;0;0;
4210883325;410;98886;2725;0;442;25737;25086;24840;25221;22769;22221;23797;18913;263;3;-9;90;90;90;0;0;0;0;0;0;
4210883325;411;98888;2726;0;442;25737;25086;24840;25221;22769;22220;23797;18913;264;3;-6;90;90;90;0;0;0;0;0;0;
4210883325;412;98885;2727;0;442;25737;25085;24840;25222;22769;22221;23797;18915;264;2;-6;90;90;90;0;0;0;0;0;0;
4210883325;413;98884;2727;0;441;25737;25085;24841;25222;22770;22222;23798;18917;264;2;-3;90;90;90;0;0;0;0;0;0;
4210883325;414;98886;2726;0;442;25738;25086;24841;25222;22771;22223;23798;18915;263;2;-6;90;90;90;0;0;0;0;0;0;
4210883325;415;98886;2727;0;441;25738;25085;24841;25222;22770;22223;23797;18914;261;2;-6;90;90;90;0;0;0;0;0;0;
4210883325;416;98887;2727;0;441;25738;25085;24841;25222;22769;22223;23797;18916;265;3;-7;90;90;90;0;0;0;0;0;0;
4210883325;417;98891;2727;0;442;25738;25085;24841;25222;22770;22223;23798;18915;263;3;-5;90;90;90;0;0;0;0;0;0;
4210883325;418;98888;2727;0;441;25738;25085;24842;25222;22770;22223;23798;18916;263;2;-4;90;90;90;0;0;0;0;0;0;
4210883325;419;98889;2728;0;442;25737;25084;24841;25222;22770;22223;23796;18916;262;3;-6;90;90;90;0;0;0;0;0;0;
4210883325;420;98887;2728;0;441;25737;25084;24841;25222;22770;22222;23795;18915;262;2;-5;90;90;90;0;0;0;0;0;0;
4210883325;421;98886;2729;0;441;25737;25083;24842;25221;22770;22222;23796;18909;262;3;-8;90;90;90;0;0;0;0;0;0;
4210883325;422;98889;2729;0;442;25737;25083;24842;25222;22768;22222;23796;18907;263;2;-7;90;90;90;0;0;0;0;0;0;
4210883325;423;98885;2729;0;443;25737;25084;24842;25222;22769;22222;23797;18911;263;3;-6;90;90;90;0;0;0;0;0;0;
4210883325;424;98887;2730;0;442;25737;25084;24842;25222;22769;22222;23797;18908;265;3;-2;90;90;90;0;0;0;0;0;0;
4210883325;425;98886;2730;0;443;25738;25085;24842;25222;22768;22222;23800;18913;264;3;-7;90;90;90;0;0;0;0;0;0;
4210883325;426;98887;2731;0;444;25738;25086;24842;25222;22770;22223;23800;18910;264;5;-9;90;90;90;0;0;0;0;0;0;
4210883325;427;98887;2731;0;443;25739;25087;24842;25223;22769;22223;23802;18911;265;2;-7;90;90;90;0;0;0;0;0;0;
4210883325;428;98888;2732;0;443;25739;25086;24842;25222;22769;22222;23800;18910;262;3;-7;90;90;90;0;0;0;0;0;0;
4210883325;429;98888;2732;0;443;25738;25086;24842;25222;22770;22223;23802;18911;263;4;-5;90;90;90;0;0;0;0;0;0;
4210883325;430;98884;2733;0;443;25738;25085;24843;25222;22770;22223;23801;18910;262;2;-7;90;90;90;0;0;0;0;0;0;
4210883325;431;98889;2733;0;443;25738;25086;24842;25222;22769;22223;23800;18911;265;2;-2;90;90;90;0;0;0;0;0;0;
4210883325;432;98886;2734;0;443;25738;25085;24842;25222;22770;22224;23798;18913;261;3;-5;90;90;90;0;0;0;0;0;0;
4210883325;433;98888;2734;0;444;25737;25085;24842;25222;22770;22223;23799;18912;262;3;-5;90;90;90;0;0;0;0;0;0;
4210883325;434;98888;2734;0;444;25738;25087;24842;25222;22770;22223;23801;18913;264;2;-6;90;90;90;0;0;0;0;0;0;
4210883325;435;98889;2735;0;443;25738;25087;24842;25222;22770;22223;23800;18914;263;3;-5;90;90;90;0;0;0;0;0;0;
4210883325;436;98889;2735;0;443;25738;25089;24842;25223;22771;22222;23803;18914;263;2;-5;90;90;90;0;0;0;0;0;0;
4210883325;437;98887;2736;0;444;25738;25087;24842;25222;22770;22223;23802;18913;264;2;-7;90;90;90;0;0;0;0;0;0;
4210883325;438;98885;2736;0;445;25738;25089;24842;25222;22770;22222;23804;18914;264;2;-5;90;90;90;0;0;0;0;0;0;
4210883325;439;98885;2737;0;444;25738;25088;24842;25223;22770;22222;23803;18914;263;3;-6;90;90;90;0;0;0;0;0;0;
4210883325;440;98888;2738;0;444;25738;25090;24843;25223;22770;22223;23805;18914;263;2;-4;90;90;90;0;0;0;0;0;0;
4210883325;441;98887;2738;0;444;25739;25089;24843;25223;22770;22224;23804;18911;264;3;-7;90;90;90;0;0;0;0;0;0;
4210883325;442;98885;2739;0;444;25738;25089;24843;25223;22769;22223;23804;18911;262;2;-4;90;90;90;0;0;0;0;0;0;
4210883325;443;98893;2739;0;445;25739;25089;24843;25223;22770;22223;23804;18914;263;4;-7;90;90;90;0;0;0;0;0;0;
4210883325;444;98893;2739;0;445;25739;25090;24843;25224;22770;22225;23805;18912;262;2;-5;90;90;90;0;0;0;0;0;0;
4210883325;445;98892;2740;0;445;25739;25091;24843;25224;22770;22224;23806;18916;262;3;-6;90;90;90;0;0;0;0;0;0;
4210883325;446;98891;2740;0;444;25740;25090;24843;25224;22771;22224;23806;18911;264;2;-7;90;90;90;0;0;0;0;0;0;
4210883325;447;98887;2741;0;445;25740;25091;24844;25225;22770;22226;23805;18919;263;3;-7;90;90;90;0;0;0;0;0;0;
4210883325;448;98892;2741;0;446;25740;25090;24844;25224;22772;22227;23804;18918;263;1;-4;90;90;90;0;0;0;0;0;0;
4210883325;449;98888;2742;0;444;25739;25090;24843;25224;22771;22225;23806;18917;263;1;-6;90;90;90;0;0;0;0;0;0;
4210883325;450;98889;2742;0;445;25740;25090;24844;25224;22771;22226;23807;18919;263;2;-5;90;90;90;0;0;0;0;0;0;
4210883325;451;98888;2742;0;445;25739;25090;24844;25224;22772;22227;23807;18915;263;2;-5;90;90;90;0;0;0;0;0;0;
4210883325;452;98888;2742;0;445;25740;25090;24843;25224;22771;22225;23805;18916;263;3;-6;90;90;90;0;0;0;0;0;0;
4210883325;453;98888;2742;0;446;25740;25090;24844;25224;22770;22226;23807;18915;265;2;-6;90;90;90;0;0;0;0;0;0;
4210883325;454;98891;2743;0;446;25739;25090;24844;25224;22772;22227;23808;18918;263;3;-6;90;90;90;0;0;0;0;0;0;
4210883325;455;98888;2743;0;446;25739;25090;24844;25224;22772;22226;23807;18915;264;3;-4;90;90;90;0;0;0;0;0;0;
4210883325;456;98889;2744;0;446;25739;25090;24844;25224;22771;22226;23807;18915;263;2;-5;90;90;90;0;0;0;0;0;0;
4210883325;457;98888;2744;0;446;25739;25090;24844;25224;22772;22227;23808;18917;263;1;-3;90;90;90;0;0;0;0;0;0;
4210883325;458;98887;2745;0;447;25740;25091;24844;25225;22772;22227;23809;18915;261;3;-5;90;90;90;0;0;0;0;0;0;
4210883325;459;98888;2746;0;446;25740;25091;24845;25225;22771;22227;23809;18917;264;3;-6;90;90;90;0;0;0;0;0;0;
4210883325;460;98885;2746;0;446;25740;25091;24845;25225;22771;22228;23809;18917;263;3;-7;90;90;90;0;0;0;0;0;0;
4210883325;461;98889;2746;0;447;25740;25091;24845;25225;22772;22227;23809;18918;264;1;-6;90;90;90;0;0;0;0;0;0;
4210883325;462;98891;2747;0;447;25740;25091;24845;25225;22772;22227;23811;18920;263;2;-6;90;90;90;0;0;0;0;0;0;
4210883325;463;98889;2747;0;448;25740;25092;24845;25225;22772;22228;23812;18917;262;2;-6;90;90;90;0;0;0;0;0;0;
4210883325;464;98888;2748;0;447;25741;25092;24845;25225;22772;22228;23812;18918;266;1;-7;90;90;90;0;0;0;0;0;0;
4210883325;465;98891;2747;0;447;25741;25092;24845;25225;22773;22228;23811;18919;263;2;-7;90;90;90;0;0;0;0;0;0;
4210883325;466;98889;2748;0;447;25740;25092;24845;25225;22772;22227;23810;18914;262;3;-5;90;90;90;0;0;0;0;0;0;
4210883325;467;98887;2749;0;447;25740;25092;24845;25225;22772;22228;23810;18916;264;2;-6;90;90;90;0;0;0;0;0;0;
4210883325;468;98888;2749;0;447;25740;25092;24845;25225;22772;22227;23809;18919;263;3;-7;90;90;90;0;0;0;0;0;0;
4210883325;469;98892;2749;0;448;25741;25092;24845;25225;22773;22229;23811;18920;263;2;-5;90;90;90;0;0;0;0;0;0;
4210883325;470;98889;2749;0;448;25740;25091;24845;25225;22773;22229;23810;18921;263;1;-7;90;90;90;0;0;0;0;0;0;
4210883325;471;98889;2750;0;448;25740;25092;24845;25225;22773;22229;23812;18920;264;2;-3;90;90;90;0;0;0;0;0;0;
4210883325;472;98891;2750;0;447;25740;25092;24846;25225;22774;22229;23812;18920;264;3;-4;90;90;90;0;0;0;0;0;0;
4210883325;473;98888;2750;0;448;25740;25092;24846;25225;22774;22229;23812;18921;263;2;-7;90;90;90;0;0;0;0;0;0;
4210883325;474;98888;2750;0;448;25741;25092;24846;25226;22774;22229;23812;18926;265;3;-5;90;90;90;0;0;0;0;0;0;
4210883325;475;98889;2750;0;448;25741;25093;24846;25226;22776;22230;23813;18928;262;3;-6;90;90;90;0;0;0;0;0;0;
4210883325;476;98887;2751;0;449;25741;25093;24846;25226;22776;22230;23813;18925;263;3;-6;90;90;90;0;0;0;0;0;0;
4210883325;477;98888;2751;0;448;25741;25093;24846;25226;22776;22230;23813;18925;263;1;-3;90;90;90;0;0;0;0;0;0;
4210883325;478;98887;2752;0;449;25741;25094;24846;25226;22775;22231;23814;18926;264;3;-6;90;90;90;0;0;0;0;0;0;
4210883325;479;98888;2752;0;448;25742;25094;24847;25226;22776;22231;23813;18922;264;3;-6;90;90;90;0;0;0;0;0;0;
4210883325;480;98887;2752;0;449;25742;25094;24846;25226;22775;22230;23813;18928;263;3;-6;90;90;90;0;0;0;0;0;0;
4210883325;481;98888;2752;0;449;25741;25094;24846;25226;22777;22231;23813;18922;261;2;-3;90;90;90;0;0;0;0;0;0;
4210883325;482;98891;2752;0;449;25741;25094;24847;25226;22775;22231;23814;18922;263;2;-3;90;90;90;0;0;0;0;0;0;
4210883325;483;98887;2752;0;449;25742;25095;24846;25226;22775;22231;23815;18924;262;2;-5;90;90;90;0;0;0;0;0;0;
4210883325;484;98885;2752;0;449;25742;25095;24847;25227;22776;22231;23816;18927;264;2;-7;90;90;90;0;0;0;0;0;0;
4210883325;485;98893;2753;0;449;25742;25095;24847;25227;22776;22232;23815;18923;263;2;-4;90;90;90;0;0;0;0;0;0;
4210883325;486;98894;2753;0;449;25742;25095;24847;25227;22775;22231;23815;18927;266;6;-7;90;90;90;0;0;0;0;0;0;
4210883325;487;98893;2754;0;449;25742;25095;24847;25227;22777;22232;23816;18926;263;2;-7;90;90;90;0;0;0;0;0;0;
4210883325;488;98894;2754;0;448;25742;25095;24847;25227;22777;22233;23816;18925;263;1;-5;90;90;90;0;0;0;0;0;0;
4210883325;489;98892;2755;0;450;25742;25095;24847;25227;22777;22233;23818;18929;264;2;-5;90;90;90;0;0;0;0;0;0;
4210883325;490;98894;2755;0;449;25742;25096;24847;25227;22776;22232;23818;18925;264;2;-4;90;90;90;0;0;0;0;0;0;
4210883325;491;98891;2755;0;449;25742;25096;24847;25227;22777;22233;23819;18933;262;3;-6;90;90;90;0;0;0;0;0;0;
4210883325;492;98892;2755;0;449;25743;25097;24847;25227;22779;22234;23819;18927;262;3;-5;90;90;90;0;0;0;0;0;0;
4210883325;493;98892;2755;0;450;25742;25097;24847;25227;22777;22233;23819;18928;263;3;-5;90;90;90;0;0;0;0;0;0;
4210883325;494;98888;2755;0;449;25742;25097;24847;25227;22779;22235;23820;18931;262;5;-7;90;90;90;0;0;0;0;0;0;
4210883325;495;98893;2755;0;449;25743;25097;24847;25228;22778;22234;23819;18928;263;2;-7;90;90;90;0;0;0;0;0;0;
4210883325;496;98891;2756;0;449;25743;25097;24848;25227;22778;22234;23819;18931;262;2;-7;90;90;90;0;0;0;0;0;0;
4210883325;497;98892;2757;0;449;25743;25097;24848;25228;22779;22235;23819;18933;264;1;-3;90;90;90;0;0;0;0;0;0;
4210883325;498;98894;2757;0;449;25743;25097;24848;25228;22780;22234;23820;18931;263;2;-6;90;90;90;0;0;0;0;0;0;
4210883325;499;98891;2757;0;449;25743;25097;24848;25228;22779;22233;23820;18930;263;3;-5;90;90;90;0;0;0;0;0;0;
4210883325;500;98889;2758;0;450;25743;25097;24848;25228;22779;22234;23821;18931;263;3;-6;90;90;90;0;0;0;0;0;0;
4210883325;501;98891;2757;0;450;25743;25097;24848;25228;22779;22234;23821;18933;263;2;-5;90;90;90;0;0;0;0;0;0;
4210883325;502;98889;2758;0;450;25743;25097;24848;25227;22780;22234;23821;18930;264;2;-2;90;90;90;0;0;0;0;0;0;
4210883325;503;98891;2758;0;449;25743;25097;24848;25227;22778;22234;23820;18929;264;3;-6;90;90;90;0;0;0;0;0;0;
4210883325;504;98895;2759;0;449;25743;25096;24848;25227;22779;22234;23820;18931;262;4;-4;90;90;90;0;0;0;0;0;0;
4210883325;505;98889;2759;0;450;25743;25097;24848;25227;22779;22234;23821;18933;262;1;-6;90;90;90;0;0;0;0;0;0;
4210883325;506;98891;2760;0;449;25743;25097;24848;25227;22779;22234;23821;18932;263;4;-6;90;90;90;0;0;0;0;0;0;
4210883325;507;98887;2760;0;449;25743;25097;24847;25227;22779;22234;23821;18933;263;3;-7;90;90;90;0;0;0;0;0;0;
4210883325;508;98888;2761;0;449;25743;25097;24847;25227;22780;22234;23820;18930;264;2;-4;90;90;90;0;0;0;0;0;0;
4210883325;509;98889;2761;0;449;25743;25097;24847;25227;22778;22233;23820;18922;262;3;-7;90;90;90;0;0;0;0;0;0;
4210883325;510;98889;2762;0;449;25743;25097;24847;25227;22775;22232;23821;18933;262;3;-4;90;90;90;0;0;0;0;0;0;
4210883325;511;98888;2762;0;449;25743;25097;24847;25227;22779;22234;23821;18929;262;3;-4;90;90;90;0;0;0;0;0;0;
4210883325;512;98889;2763;0;449;25743;25096;24847;25227;22778;22233;23820;18933;264;2;-6;90;90;90;0;0;0;0;0;0;
4210883325;513;98891;2763;0;449;25743;25097;24847;25227;22779;22234;23821;18931;263;2;-6;90;90;90;0;0;0;0;0;0;
4210883325;514;98891;2763;0;449;25743;25097;24847;25227;22778;22233;23821;18929;263;2;-5;90;90;90;0;0;0;0;0;0;
4210883325;515;98889;2763;0;449;25743;25097;24847;25227;22778;22232;23821;18924;263;2;-5;90;90;90;0;0;0;0;0;0;
4210883325;516;98891;2762;0;448;25743;25096;24847;25226;22776;22232;23821;18929;263;3;-5;90;90;90;0;0;0;0;0;0;
4210883325;517;98892;2763;0;449;25743;25096;24847;25227;22778;22233;23821;18922;264;2;-4;90;90;90;0;0;0;0;0;0;
4210883325;518;98891;2763;0;449;25743;25096;24848;25227;22778;22233;23822;18932;263;1;-6;90;90;90;0;0;0;0;0;0;
4210883325;519;98888;2763;0;449;25742;25096;24847;25226;22778;22232;23822;18929;263;3;-8;90;90;90;0;0;0;0;0;0;
4210883325;520;98887;2763;0;449;25742;25096;24847;25226;22778;22232;23821;18928;263;3;-7;90;90;90;0;0;0;0;0;0;
4210883325;521;98892;2765;0;449;25742;25096;24847;25226;22777;22231;23822;18928;263;3;-7;90;90;90;0;0;0;0;0;0;
4210883325;522;98891;2765;0;448;25742;25096;24847;25226;22779;22233;23821;18923;263;1;-5;90;90;90;0;0;0;0;0;0;
4210883325;523;98891;2765;0;449;25743;25096;24847;25226;22776;22232;23822;18937;263;3;-5;90;90;90;0;0;0;0;0;0;
4210883325;524;98891;2765;0;449;25743;25096;24848;25226;22780;22233;23822;18928;263;2;-5;90;90;90;0;0;0;0;0;0;
4210883325;525;98888;2765;0;449;25743;25096;24847;25226;22777;22232;23821;18928;262;2;-7;90;90;90;0;0;0;0;0;0;
4210883325;526;98889;2765;0;448;25742;25096;24847;25226;22778;22232;23821;18926;265;2;-7;90;90;90;0;0;0;0;0;0;
4210883325;527;98886;2766;0;449;25743;25097;24848;25226;22777;22232;23822;18928;262;2;-5;90;90;90;0;0;0;0;0;0;
4210883325;528;98895;2767;0;448;25743;25097;24847;25226;22777;22232;23822;18922;263;3;-6;90;90;90;0;0;0;0;0;0;
4210883325;529;98892;2767;0;448;25743;25096;24847;25226;22776;22231;23822;18922;261;3;-6;90;90;90;0;0;0;0;0;0;
4210883325;530;98884;2768;0;448;25743;25096;24847;25226;22776;22232;23821;18920;264;3;-7;90;90;90;0;0;0;0;0;0;
4210883325;531;98892;2768;0;448;25743;25097;24847;25226;22776;22230;23822;18917;262;4;-7;90;90;90;0;0;0;0;0;0;
4210883325;532;98887;2768;0;448;25743;25097;24847;25226;22775;22229;23822;18917;263;3;-4;90;90;90;0;0;0;0;0;0;
4210883325;533;98891;2768;0;448;25743;25097;24847;25226;22776;22230;23823;18926;263;2;-5;90;90;90;0;0;0;0;0;0;
4210883325;534;98893;2768;0;448;25743;25097;24847;25226;22777;22230;23823;18915;264;2;-4;90;90;90;0;0;0;0;0;0;
4210883325;535;98891;2769;0;448;25743;25097;24847;25226;22774;22229;23823;18913;263;2;-5;90;90;90;0;0;0;0;0;0;
4210883325;536;98886;2769;0;448;25743;25097;24847;25225;22774;22228;23821;18914;264;2;-7;90;90;90;0;0;0;0;0;0;
4210883325;537;98887;2769;0;448;25743;25096;24847;25225;22774;22227;23821;18917;262;2;-5;90;90;90;0;0;0;0;0;0;
4210883325;538;98887;2769;0;448;25743;25096;24847;25225;22775;22229;23822;18917;263;1;-5;90;90;90;0;0;0;0;0;0;
4210883325;539;98889;2769;0;447;25743;25096;24847;25225;22774;22228;23822;18917;264;1;-4;90;90;90;0;0;0;0;0;0;
4210883325;540;98887;2769;0;447;25742;25096;24847;25225;22775;22227;23823;18915;263;2;-6;90;90;90;0;0;0;0;0;0;
4210883325;541;98889;2769;0;447;25742;25096;24847;25225;22774;22228;23823;18915;258;7;-8;90;90;90;0;0;0;0;0;0;
4210883325;542;98891;2769;0;447;25742;25096;24847;25225;22773;22228;23823;18915;262;3;-8;90;90;90;0;0;0;0;0;0;
4210883325;543;98886;2769;0;446;25742;25096;24846;25224;22774;22227;23823;18918;263;2;-5;90;90;90;0;0;0;0;0;0;
4210883325;544;98884;2769;0;447;25742;25096;24846;25224;22774;22226;23823;18914;263;2;-5;90;90;90;0;0;0;0;0;0;
4210883325;545;98887;2769;0;446;25742;25096;24846;25224;22772;22226;23823;18911;263;2;-4;90;90;90;0;0;0;0;0;0;
4210883325;546;98891;2770;0;447;25742;25096;24846;25224;22772;22226;23823;18914;264;3;-7;90;90;90;0;0;0;0;0;0;
4210883325;547;98885;2769;0;446;25742;25096;24846;25224;22773;22225;23823;18915;263;2;-7;90;90;90;0;0;0;0;0;0;
4210883325;548;98888;2770;0;446;25742;25096;24846;25224;22773;22226;23823;18914;264;3;-7;90;90;90;0;0;0;0;0;0;
4210883325;549;98889;2770;0;446;25742;25096;24846;25224;22772;22225;23823;18911;264;2;-5;90;90;90;0;0;0;0;0;0;
4210883325;550;98887;2771;0;446;25742;25096;24845;25223;22772;22224;23823;18912;263;1;-5;90;90;90;0;0;0;0;0;0;
4210883325;551;98883;2772;0;446;25742;25096;24845;25223;22772;22224;23823;18910;263;3;-5;90;90;90;0;0;0;0;0;0;
